<?xml version="1.0" encoding="UTF-8"?>
<GenRun Id="impl_1" LaunchPart="xc7a35tcpg236-1" LaunchTime="1743916808">
  <File Type="PWROPT-DCP" Name="AU_pwropt.dcp"/>
  <File Type="ROUTE-PWR" Name="AU_power_routed.rpt"/>
  <File Type="PA-TCL" Name="AU.tcl"/>
  <File Type="ROUTE-PWR-SUM" Name="AU_power_summary_routed.pb"/>
  <File Type="REPORTS-TCL" Name="AU_reports.tcl"/>
  <File Type="BG-DRC" Name="AU.drc"/>
  <File Type="OPT-METHODOLOGY-DRC" Name="AU_methodology_drc_opted.rpt"/>
  <File Type="INIT-TIMING" Name="AU_timing_summary_init.rpt"/>
  <File Type="OPT-HWDEF" Name="AU.hwdef"/>
  <File Type="OPT-DCP" Name="AU_opt.dcp"/>
  <File Type="OPT-DRC" Name="AU_drc_opted.rpt"/>
  <File Type="OPT-TIMING" Name="AU_timing_summary_opted.rpt"/>
  <File Type="PWROPT-DRC" Name="AU_drc_pwropted.rpt"/>
  <File Type="PWROPT-TIMING" Name="AU_timing_summary_pwropted.rpt"/>
  <File Type="PLACE-DCP" Name="AU_placed.dcp"/>
  <File Type="PLACE-IO" Name="AU_io_placed.rpt"/>
  <File Type="PLACE-CLK" Name="AU_clock_utilization_placed.rpt"/>
  <File Type="PLACE-UTIL" Name="AU_utilization_placed.rpt"/>
  <File Type="PLACE-UTIL-PB" Name="AU_utilization_placed.pb"/>
  <File Type="PLACE-CTRL" Name="AU_control_sets_placed.rpt"/>
  <File Type="PLACE-SIMILARITY" Name="AU_incremental_reuse_placed.rpt"/>
  <File Type="PLACE-PRE-SIMILARITY" Name="AU_incremental_reuse_pre_placed.rpt"/>
  <File Type="PLACE-TIMING" Name="AU_timing_summary_placed.rpt"/>
  <File Type="POSTPLACE-PWROPT-DCP" Name="AU_postplace_pwropt.dcp"/>
  <File Type="POSTPLACE-PWROPT-TIMING" Name="AU_timing_summary_postplace_pwropted.rpt"/>
  <File Type="PHYSOPT-DCP" Name="AU_physopt.dcp"/>
  <File Type="PHYSOPT-DRC" Name="AU_drc_physopted.rpt"/>
  <File Type="BG-BIT" Name="AU.bit"/>
  <File Type="PHYSOPT-TIMING" Name="AU_timing_summary_physopted.rpt"/>
  <File Type="ROUTE-ERROR-DCP" Name="AU_routed_error.dcp"/>
  <File Type="ROUTE-DCP" Name="AU_routed.dcp"/>
  <File Type="ROUTE-BLACKBOX-DCP" Name="AU_routed_bb.dcp"/>
  <File Type="ROUTE-DRC" Name="AU_drc_routed.rpt"/>
  <File Type="ROUTE-DRC-PB" Name="AU_drc_routed.pb"/>
  <File Type="BITSTR-MSK" Name="AU.msk"/>
  <File Type="ROUTE-DRC-RPX" Name="AU_drc_routed.rpx"/>
  <File Type="BG-BGN" Name="AU.bgn"/>
  <File Type="ROUTE-METHODOLOGY-DRC" Name="AU_methodology_drc_routed.rpt"/>
  <File Type="BITSTR-RBT" Name="AU.rbt"/>
  <File Type="ROUTE-METHODOLOGY-DRC-RPX" Name="AU_methodology_drc_routed.rpx"/>
  <File Type="BG-BIN" Name="AU.bin"/>
  <File Type="ROUTE-METHODOLOGY-DRC-PB" Name="AU_methodology_drc_routed.pb"/>
  <File Type="ROUTE-PWR-RPX" Name="AU_power_routed.rpx"/>
  <File Type="ROUTE-STATUS" Name="AU_route_status.rpt"/>
  <File Type="ROUTE-STATUS-PB" Name="AU_route_status.pb"/>
  <File Type="ROUTE-TIMINGSUMMARY" Name="AU_timing_summary_routed.rpt"/>
  <File Type="ROUTE-TIMING-PB" Name="AU_timing_summary_routed.pb"/>
  <File Type="ROUTE-TIMING-RPX" Name="AU_timing_summary_routed.rpx"/>
  <File Type="ROUTE-SIMILARITY" Name="AU_incremental_reuse_routed.rpt"/>
  <File Type="RDI-RDI" Name="AU.vdi"/>
  <File Type="ROUTE-CLK" Name="AU_clock_utilization_routed.rpt"/>
  <File Type="POSTROUTE-PHYSOPT-DCP" Name="AU_postroute_physopt.dcp"/>
  <File Type="POSTROUTE-PHYSOPT-BLACKBOX-DCP" Name="AU_postroute_physopt_bb.dcp"/>
  <File Type="POSTROUTE-PHYSOPT-TIMING" Name="AU_timing_summary_postroute_physopted.rpt"/>
  <File Type="POSTROUTE-PHYSOPT-TIMING-PB" Name="AU_timing_summary_postroute_physopted.pb"/>
  <File Type="POSTROUTE-PHYSOPT-TIMING-RPX" Name="AU_timing_summary_postroute_physopted.rpx"/>
  <File Type="BITSTR-NKY" Name="AU.nky"/>
  <File Type="BITSTR-BMM" Name="AU_bd.bmm"/>
  <File Type="BITSTR-MMI" Name="AU.mmi"/>
  <File Type="BITSTR-LTX" Name="debug_nets.ltx"/>
  <File Type="BITSTR-LTX" Name="AU.ltx"/>
  <File Type="BITSTR-SYSDEF" Name="AU.sysdef"/>
  <File Type="WBT-USG" Name="usage_statistics_webtalk.html"/>
  <FileSet Name="sources" Type="DesignSrcs" RelSrcDir="$PSRCDIR/sources_1">
    <Filter Type="Srcs"/>
    <File Path="$PSRCDIR/sources_1/imports/new/FA.vhd">
      <FileInfo>
        <Attr Name="ImportPath" Val="$PPRDIR/../Lab3/Lab3/Lab3.srcs/sources_1/new/FA.vhd"/>
        <Attr Name="ImportTime" Val="1740472628"/>
        <Attr Name="UsedIn" Val="synthesis"/>
        <Attr Name="UsedIn" Val="simulation"/>
      </FileInfo>
    </File>
    <File Path="$PSRCDIR/sources_1/imports/new/HA.vhd">
      <FileInfo>
        <Attr Name="ImportPath" Val="$PPRDIR/../Lab3/Lab3/Lab3.srcs/sources_1/new/HA.vhd"/>
        <Attr Name="ImportTime" Val="1740470700"/>
        <Attr Name="UsedIn" Val="synthesis"/>
        <Attr Name="UsedIn" Val="simulation"/>
      </FileInfo>
    </File>
    <File Path="$PPRDIR/../Lab3/Lab3/Lab3.srcs/sources_1/new/RCA_4.vhd">
      <FileInfo>
        <Attr Name="UsedIn" Val="synthesis"/>
        <Attr Name="UsedIn" Val="simulation"/>
      </FileInfo>
    </File>
    <File Path="$PSRCDIR/sources_1/new/Reg.vhd">
      <FileInfo>
        <Attr Name="UsedIn" Val="synthesis"/>
        <Attr Name="UsedIn" Val="simulation"/>
      </FileInfo>
    </File>
    <File Path="$PSRCDIR/sources_1/new/Slow_Clk.vhd">
      <FileInfo>
        <Attr Name="UsedIn" Val="synthesis"/>
        <Attr Name="UsedIn" Val="simulation"/>
      </FileInfo>
    </File>
    <File Path="$PSRCDIR/sources_1/new/AU.vhd">
      <FileInfo>
        <Attr Name="UsedIn" Val="synthesis"/>
        <Attr Name="UsedIn" Val="simulation"/>
      </FileInfo>
    </File>
    <Config>
      <Option Name="DesignMode" Val="RTL"/>
      <Option Name="TopModule" Val="AU"/>
      <Option Name="TopAutoSet" Val="TRUE"/>
    </Config>
  </FileSet>
  <FileSet Name="constrs_in" Type="Constrs" RelSrcDir="$PSRCDIR/constrs_1">
    <Filter Type="Constrs"/>
    <File Path="$PSRCDIR/constrs_1/imports/Computer organization labs/Basys3Labs.xdc">
      <FileInfo>
        <Attr Name="ImportPath" Val="$PPRDIR/../Basys3Labs.xdc"/>
        <Attr Name="ImportTime" Val="1741086766"/>
        <Attr Name="UsedIn" Val="synthesis"/>
        <Attr Name="UsedIn" Val="implementation"/>
      </FileInfo>
    </File>
    <Config>
      <Option Name="ConstrsType" Val="XDC"/>
    </Config>
  </FileSet>
  <Strategy Version="1" Minor="2">
    <StratHandle Name="Vivado Implementation Defaults" Flow="Vivado Implementation 2018"/>
    <Step Id="init_design"/>
    <Step Id="opt_design"/>
    <Step Id="power_opt_design"/>
    <Step Id="place_design"/>
    <Step Id="post_place_power_opt_design"/>
    <Step Id="phys_opt_design"/>
    <Step Id="route_design"/>
    <Step Id="post_route_phys_opt_design"/>
    <Step Id="write_bitstream"/>
  </Strategy>
</GenRun>
