<?xml version="1.0" encoding="UTF-8"?>
<GenRun Id="synth_1" LaunchPart="xc7a35tcpg236-1" LaunchTime="1743916727">
  <File Type="PA-TCL" Name="AU.tcl"/>
  <File Type="RDS-PROPCONSTRS" Name="AU_drc_synth.rpt"/>
  <File Type="REPORTS-TCL" Name="AU_reports.tcl"/>
  <File Type="RDS-RDS" Name="AU.vds"/>
  <File Type="RDS-UTIL" Name="AU_utilization_synth.rpt"/>
  <File Type="RDS-UTIL-PB" Name="AU_utilization_synth.pb"/>
  <File Type="RDS-DCP" Name="AU.dcp"/>
  <File Type="VDS-TIMINGSUMMARY" Name="AU_timing_summary_synth.rpt"/>
  <File Type="VDS-TIMING-PB" Name="AU_timing_summary_synth.pb"/>
  <FileSet Name="sources" Type="DesignSrcs" RelSrcDir="$PSRCDIR/sources_1">
    <Filter Type="Srcs"/>
    <File Path="$PSRCDIR/sources_1/imports/new/FA.vhd">
      <FileInfo>
        <Attr Name="ImportPath" Val="$PPRDIR/../Lab3/Lab3/Lab3.srcs/sources_1/new/FA.vhd"/>
        <Attr Name="ImportTime" Val="1740472628"/>
        <Attr Name="UsedIn" Val="synthesis"/>
        <Attr Name="UsedIn" Val="simulation"/>
      </FileInfo>
    </File>
    <File Path="$PSRCDIR/sources_1/imports/new/HA.vhd">
      <FileInfo>
        <Attr Name="ImportPath" Val="$PPRDIR/../Lab3/Lab3/Lab3.srcs/sources_1/new/HA.vhd"/>
        <Attr Name="ImportTime" Val="1740470700"/>
        <Attr Name="UsedIn" Val="synthesis"/>
        <Attr Name="UsedIn" Val="simulation"/>
      </FileInfo>
    </File>
    <File Path="$PPRDIR/../Lab3/Lab3/Lab3.srcs/sources_1/new/RCA_4.vhd">
      <FileInfo>
        <Attr Name="UsedIn" Val="synthesis"/>
        <Attr Name="UsedIn" Val="simulation"/>
      </FileInfo>
    </File>
    <File Path="$PSRCDIR/sources_1/new/Reg.vhd">
      <FileInfo>
        <Attr Name="UsedIn" Val="synthesis"/>
        <Attr Name="UsedIn" Val="simulation"/>
      </FileInfo>
    </File>
    <File Path="$PSRCDIR/sources_1/new/Slow_Clk.vhd">
      <FileInfo>
        <Attr Name="UsedIn" Val="synthesis"/>
        <Attr Name="UsedIn" Val="simulation"/>
      </FileInfo>
    </File>
    <File Path="$PSRCDIR/sources_1/new/AU.vhd">
      <FileInfo>
        <Attr Name="UsedIn" Val="synthesis"/>
        <Attr Name="UsedIn" Val="simulation"/>
      </FileInfo>
    </File>
    <Config>
      <Option Name="DesignMode" Val="RTL"/>
      <Option Name="TopModule" Val="AU"/>
      <Option Name="TopAutoSet" Val="TRUE"/>
    </Config>
  </FileSet>
  <FileSet Name="constrs_in" Type="Constrs" RelSrcDir="$PSRCDIR/constrs_1">
    <Filter Type="Constrs"/>
    <File Path="$PSRCDIR/constrs_1/imports/Computer organization labs/Basys3Labs.xdc">
      <FileInfo>
        <Attr Name="ImportPath" Val="$PPRDIR/../Basys3Labs.xdc"/>
        <Attr Name="ImportTime" Val="1741086766"/>
        <Attr Name="UsedIn" Val="synthesis"/>
        <Attr Name="UsedIn" Val="implementation"/>
      </FileInfo>
    </File>
    <Config>
      <Option Name="ConstrsType" Val="XDC"/>
    </Config>
  </FileSet>
  <Strategy Version="1" Minor="2">
    <StratHandle Name="Vivado Synthesis Defaults" Flow="Vivado Synthesis 2018"/>
    <Step Id="synth_design"/>
  </Strategy>
</GenRun>
